id,height,age,name,occupation
1,180,90,DmScPyFcGjnqKAIXyl,2016-07-11 18:23:08
2,150,75,RosfscliTpcdlwJ,2016-07-11 18:23:08
3,140,70,ZVmkWTloCFkEFs,2016-07-11 18:23:08
4,110,55,nxOUGwBbVsI,2016-07-11 18:23:08
5,150,75,gRDrIyVYbBhKUJx,2016-07-11 18:23:08
6,130,65,DHJRbDSGOSuyL,2016-07-11 18:23:08
7,160,80,aywMRSOBCFYbYUeH,2016-07-11 18:23:08
8,130,65,lBKPVBFtQlJnm,2016-07-11 18:23:08
9,160,80,LPROBTNiNivigHjE,2016-07-11 18:23:08
10,170,85,mjcqXfeDAqQODembd,2016-07-11 18:23:08
11,190,95,VJSDSZYndjscbsHFrMu,2016-07-11 18:23:08
12,130,65,IjdkSsZBDFLoV,2016-07-11 18:23:08
13,170,85,XfxFLYvpYDgwEIIqg,2016-07-11 18:23:08
14,100,50,nfBiEcMkZE,2016-07-11 18:23:08
15,160,80,WzRGnIitqaFDhzfA,2016-07-11 18:23:08
16,100,50,YrPZdhqgcr,2016-07-11 18:23:08
17,140,70,SdosGwhKzdafWF,2016-07-11 18:23:08
18,120,60,NgXAOYfZWpls,2016-07-11 18:23:08
19,140,70,gIBLfFAVmBihPa,2016-07-11 18:23:08
20,180,90,HPhimRBRwibLqjBars,2016-07-11 18:23:08
21,100,50,VCNTMUMiFG,2016-07-11 18:23:08
22,150,75,dFDTFvUMgSvLogh,2016-07-11 18:23:08
23,100,50,xHTmzQxLAJ,2016-07-11 18:23:08
24,170,85,ewKZzkeOrMPALkecp,2016-07-11 18:23:08
25,140,70,qJGWshjYMwdERS,2016-07-11 18:23:08
26,180,90,stqYKNYJOmDThXMuYZ,2016-07-11 18:23:08
27,140,70,NnqCuTPnyyAhQD,2016-07-11 18:23:08
28,180,90,ViiRfrnUKOYOCrwCKb,2016-07-11 18:23:08
29,190,95,TRJivFRtNsjGRkIOeyT,2016-07-11 18:23:08
30,160,80,tahBZpkqnVaZsEvP,2016-07-11 18:23:08
31,120,60,OdwCNLzHompf,2016-07-11 18:23:08
32,110,55,ADvvTMxVKTQ,2016-07-11 18:23:08
33,130,65,fBnXhNITYNcdo,2016-07-11 18:23:08
34,190,95,bmfRXvIwfinMgKuAUvn,2016-07-11 18:23:08
35,110,55,MzqrceVHmSk,2016-07-11 18:23:08
36,110,55,tqSArxBnOvf,2016-07-11 18:23:08
37,160,80,KsGSklqIANxmGBPJ,2016-07-11 18:23:08
38,120,60,SqJbknbMefIe,2016-07-11 18:23:08
39,160,80,VZJvpMtXVdCBUczD,2016-07-11 18:23:08
40,130,65,SxhJXiohWSNeH,2016-07-11 18:23:08
41,170,85,OhUIKQHaQtOtkumBT,2016-07-11 18:23:08
42,170,85,aZFFArRZpLyrmBXtJ,2016-07-11 18:23:08
43,140,70,YaghSfShMFnrOA,2016-07-11 18:23:08
44,190,95,SHmMMlTSKgFypUVuLtR,2016-07-11 18:23:08
45,140,70,ccpsyNWfJIKWif,2016-07-11 18:23:08
46,160,80,wDAzpZihzvbwVAEa,2016-07-11 18:23:08
47,140,70,WAujdMXQpDAxlU,2016-07-11 18:23:08
48,130,65,FMcepWxkNYYyo,2016-07-11 18:23:08
49,130,65,mszgcPeCUzYWA,2016-07-11 18:23:08
50,180,90,kqnQtFrhsKApDsuMxB,2016-07-11 18:23:08
51,100,50,kAwetQMRdY,2016-07-11 18:23:08
52,110,55,GqMFxyoxguY,2016-07-11 18:23:08
53,140,70,QLVUQiYgVDOvVR,2016-07-11 18:23:08
54,190,95,VvWUdgYJhGlpyLYKpDB,2016-07-11 18:23:08
55,100,50,OYTHQCXzUe,2016-07-11 18:23:08
56,180,90,DKtrpGxsPZxaIzBqHu,2016-07-11 18:23:08
57,120,60,LXaWhxpbfHvw,2016-07-11 18:23:08
58,120,60,ESswXgwByjTw,2016-07-11 18:23:08
59,100,50,tFRqgymuom,2016-07-11 18:23:08
60,190,95,ptzktfZUUhScNAGxTUq,2016-07-11 18:23:08
61,150,75,bSUQcwiIIjdJiKY,2016-07-11 18:23:08
62,160,80,sZxHcmuUtLMlmWaa,2016-07-11 18:23:08
63,100,50,etOyTLfMMw,2016-07-11 18:23:08
64,180,90,DYrJCKpeAZDqBcYsVA,2016-07-11 18:23:08
65,170,85,QDJRsMeqhkDtqVfUi,2016-07-11 18:23:08
66,190,95,HCFNiePfcEMfWZghlkO,2016-07-11 18:23:08
67,160,80,uuLVvbPvajaGDAdt,2016-07-11 18:23:08
68,180,90,jMWtSCULmFUQekKhnZ,2016-07-11 18:23:08
69,130,65,WRCMLqMNwNGwl,2016-07-11 18:23:08
70,130,65,nARGMDYubRqAP,2016-07-11 18:23:08
71,150,75,WTrKyOZQGcvEhjC,2016-07-11 18:23:08
72,150,75,tDOAIkUsHlOGmZc,2016-07-11 18:23:08
73,170,85,HGRHlGVYlXgJJzBFN,2016-07-11 18:23:08
74,180,90,nTKtTmuixUzbAJeMhp,2016-07-11 18:23:08
75,100,50,oVXVjOTAuf,2016-07-11 18:23:08
76,190,95,CpBbPQINzdKAqghEBJA,2016-07-11 18:23:08
77,160,80,OBMnjqGbVGQyeLCS,2016-07-11 18:23:08
78,150,75,YpkoYToRonlnYse,2016-07-11 18:23:08
79,160,80,KxbNCBjXjwlSfFBR,2016-07-11 18:23:08
80,140,70,xCxfNFBmLEndLc,2016-07-11 18:23:08
81,160,80,KthaGPglgMBtJyXH,2016-07-11 18:23:08
82,120,60,ATpUaZpieNhY,2016-07-11 18:23:08
83,100,50,XRWKHqvabl,2016-07-11 18:23:08
84,190,95,BAfhFCUqVhbPsmkcVoY,2016-07-11 18:23:08
85,110,55,GlSJKuQshTZ,2016-07-11 18:23:08
86,190,95,VWgdUxVJgtbSXxsxcjH,2016-07-11 18:23:08
87,110,55,WnLFXXtORVk,2016-07-11 18:23:08
88,120,60,xRAwEVXyOviB,2016-07-11 18:23:08
89,120,60,HAcnUoFrEmqJ,2016-07-11 18:23:08
90,170,85,rzPXRzzHuQZMcPqbW,2016-07-11 18:23:08
91,160,80,oboHoUtlpwibwDsX,2016-07-11 18:23:08
92,160,80,NgBRTuVdagmHNaQy,2016-07-11 18:23:08
93,190,95,uLcZmdSWPdnzlhGtslp,2016-07-11 18:23:08
94,180,90,TXYwndYsKiTWPSbigK,2016-07-11 18:23:08
95,120,60,HDjhbMUKFaif,2016-07-11 18:23:08
96,100,50,ZoaPbrstaf,2016-07-11 18:23:08
97,130,65,FdUSexjvSDeAj,2016-07-11 18:23:08
98,140,70,icrwrXJmouNRvd,2016-07-11 18:23:08
99,170,85,sGdsJtmJpvQBomtID,2016-07-11 18:23:08
100,160,80,UMlJcogGzlUeYEVc,2016-07-11 18:23:08
